Workbook

Sheet Quizzes
A1: Aρ. Ταυτότητας | B1: Lab02 | C1: Lab03 | D1: Lab04 | E1: Lab05 | F1: Lab06 | G1: Lab07 | H1: Lab08 | I1: Lab09 | J1: Lab10 | K1: SUM
A2: 434 | K2: =IF(SUM($B$31:$J$31)>0, 1.5*SUM(B2:J2)/SUM($B$32:$J$32), 0) -> 0
A3: 1199 | B3: 12 | K3: =IF(SUM($B$31:$J$31)>0, 1.5*SUM(B3:J3)/SUM($B$32:$J$32), 0) -> 1.2
A4: 1653 | B4: 15 | K4: =IF(SUM($B$31:$J$31)>0, 1.5*SUM(B4:J4)/SUM($B$32:$J$32), 0) -> 1.5
A5: 1786 | B5: 11 | K5: =IF(SUM($B$31:$J$31)>0, 1.5*SUM(B5:J5)/SUM($B$32:$J$32), 0) -> 1.1
A6: 2283 | B6: 13 | K6: =IF(SUM($B$31:$J$31)>0, 1.5*SUM(B6:J6)/SUM($B$32:$J$32), 0) -> 1.3
A7: 2293 | B7: 12 | K7: =IF(SUM($B$31:$J$31)>0, 1.5*SUM(B7:J7)/SUM($B$32:$J$32), 0) -> 1.2
A8: 2376 | B8: 8 | K8: =IF(SUM($B$31:$J$31)>0, 1.5*SUM(B8:J8)/SUM($B$32:$J$32), 0) -> 0.8
A9: 2438 | B9: 8 | K9: =IF(SUM($B$31:$J$31)>0, 1.5*SUM(B9:J9)/SUM($B$32:$J$32), 0) -> 0.8
A10: 2476 | B10: 15 | K10: =IF(SUM($B$31:$J$31)>0, 1.5*SUM(B10:J10)/SUM($B$32:$J$32), 0) -> 1.5
A11: 2979 | B11: 14 | K11: =IF(SUM($B$31:$J$31)>0, 1.5*SUM(B11:J11)/SUM($B$32:$J$32), 0) -> 1.4
A12: 3183 | B12: 4 | K12: =IF(SUM($B$31:$J$31)>0, 1.5*SUM(B12:J12)/SUM($B$32:$J$32), 0) -> 0.4
A13: 3190 | B13: 3 | K13: =IF(SUM($B$31:$J$31)>0, 1.5*SUM(B13:J13)/SUM($B$32:$J$32), 0) -> 0.3
A14: 3192 | B14: 15 | K14: =IF(SUM($B$31:$J$31)>0, 1.5*SUM(B14:J14)/SUM($B$32:$J$32), 0) -> 1.5
... A18: 3466 | B18: 10.5 | K18: =IF(SUM($B$31:$J$31)>0, 1.5*SUM(B18:J18)/SUM($B$32:$J$32), 0) -> 1.05
A19: 3474 | K19: =IF(SUM($B$31:$J$31)>0, 1.5*SUM(B19:J19)/SUM($B$32:$J$32), 0) -> 0
A20: 3481 | B20: 3 | K20: =IF(SUM($B$31:$J$31)>0, 1.5*SUM(B20:J20)/SUM($B$32:$J$32), 0) -> 0.3
A21: 4218 | B21: 5 | K21: =IF(SUM($B$31:$J$31)>0, 1.5*SUM(B21:J21)/SUM($B$32:$J$32), 0) -> 0.5
A22: 4365 | B22: 8 | K22: =IF(SUM($B$31:$J$31)>0, 1.5*SUM(B22:J22)/SUM($B$32:$J$32), 0) -> 0.8
A23: 4367 | B23: 2 | K23: =IF(SUM($B$31:$J$31)>0, 1.5*SUM(B23:J23)/SUM($B$32:$J$32), 0) -> 0.2
A24: 4434 | B24: 11 | K24: =IF(SUM($B$31:$J$31)>0, 1.5*SUM(B24:J24)/SUM($B$32:$J$32), 0) -> 1.1
A25: 4449 | B25: 15 | K25: =IF(SUM($B$31:$J$31)>0, 1.5*SUM(B25:J25)/SUM($B$32:$J$32), 0) -> 1.5
A27: Max Score | B27: 15 | C27: 15 | D27: 15 | E27: 15 | F27: 15 | G27: 15 | H27: 15 | I27: 15 | J27: 15 | K27: 1.5
A28: Average | B28: =AVERAGE(B$2:B$25) -> 9.6136364 | C28: =AVERAGE(C$2:C$25) -> #DIV/0! | D28: =AVERAGE(D$2:D$25) -> #DIV/0! | E28: =AVERAGE(E$2:E$25) -> #DIV/0! | F28: =AVERAGE(F$2:F$25) -> #DIV/0! | G28: =AVERAGE(G$2:G$25) -> #DIV/0! | H28: =AVERAGE(H$2:H$25) -> #DIV/0! | I28: =AVERAGE(I$2:I$25) -> #DIV/0! | J28: =AVERAGE(J$2:J$25) -> #DIV/0! | K28: =AVERAGE(G$2:G$25) -> #DIV/0!
A29: Stnd | B29: =STDEV(B$2:B$25) -> 4.6596848 | C29: =STDEV(C$2:C$25) -> #DIV/0! | D29: =STDEV(D$2:D$25) -> #DIV/0! | E29: =STDEV(E$2:E$25) -> #DIV/0! | F29: =STDEV(F$2:F$25) -> #DIV/0! | G29: =STDEV(G$2:G$25) -> #DIV/0! | H29: =STDEV(H$2:H$25) -> #DIV/0! | I29: =STDEV(I$2:I$25) -> #DIV/0! | J29: =STDEV(J$2:J$25) -> #DIV/0! | K29: =STDEV(G$2:G$25) -> #DIV/0!
A30: Median | B30: =MEDIAN(B$2:B$25) -> 10.75 | C30: =MEDIAN(C$2:C$25) -> #NUM! | D30: =MEDIAN(D$2:D$25) -> #NUM! | E30: =MEDIAN(E$2:E$25) -> #NUM! | F30: =MEDIAN(F$2:F$25) -> #NUM! | G30: =MEDIAN(G$2:G$25) -> #NUM! | H30: =MEDIAN(H$2:H$25) -> #NUM! | I30: =MEDIAN(I$2:I$25) -> #NUM! | J30: =MEDIAN(J$2:J$25) -> #NUM! | K30: =MEDIAN(G$2:G$25) -> #NUM!
A31: Valid | B31: =IF(SUM(B2:B25)>0,1,0) -> 1 | C31: =IF(SUM(C2:C25)>0,1,0) -> 0 | D31: =IF(SUM(D2:D25)>0,1,0) -> 0 | E31: =IF(SUM(E2:E25)>0,1,0) -> 0 | F31: =IF(SUM(F2:F25)>0,1,0) -> 0 | G31: =IF(SUM(G2:G25)>0,1,0) -> 0 | H31: =IF(SUM(H2:H25)>0,1,0) -> 0 | I31: =IF(SUM(I2:I25)>0,1,0) -> 0 | J31: =IF(SUM(J2:J25)>0,1,0) -> 0
A32: Max Score*Valid | B32: =B27*B31 -> 15 | C32: =C27*C31 -> 0 | D32: =D27*D31 -> 0 | E32: =E27*E31 -> 0 | F32: =F27*F31 -> 0 | G32: =G27*G31 -> 0 | H32: =H27*H31 -> 0 | I32: =I27*I31 -> 0 | J32: =J27*J31 -> 0

Sheet Presentations
A1: Αρ. Ταυτότητας | B1: Lab01 | C1: Lab02 | D1: Lab03 | E1: Lab04 | F1: Lab05 | G1: Lab06 | H1: Lab07 | I1: Lab08 | J1: Lab09 | K1: Lab10 | L1: SUM
A2: 434 | L2: =IF(SUM($B$31:$K$31)>0, 1.5*SUM(B2:K2)/SUM($B$32:$K$32), 0) -> 0
A3: 1199 | L3: =IF(SUM($B$31:$K$31)>0, 1.5*SUM(B3:K3)/SUM($B$32:$K$32), 0) -> 0
A4: 1653 | L4: =IF(SUM($B$31:$K$31)>0, 1.5*SUM(B4:K4)/SUM($B$32:$K$32), 0) -> 0
A5: 1786 | L5: =IF(SUM($B$31:$K$31)>0, 1.5*SUM(B5:K5)/SUM($B$32:$K$32), 0) -> 0
A6: 2283 | L6: =IF(SUM($B$31:$K$31)>0, 1.5*SUM(B6:K6)/SUM($B$32:$K$32), 0) -> 0
A7: 2293 | L7: =IF(SUM($B$31:$K$31)>0, 1.5*SUM(B7:K7)/SUM($B$32:$K$32), 0) -> 0
A8: 2376 | L8: =IF(SUM($B$31:$K$31)>0, 1.5*SUM(B8:K8)/SUM($B$32:$K$32), 0) -> 0
A9: 2438 | L9: =IF(SUM($B$31:$K$31)>0, 1.5*SUM(B9:K9)/SUM($B$32:$K$32), 0) -> 0
A10: 2476 | L10: =IF(SUM($B$31:$K$31)>0, 1.5*SUM(B10:K10)/SUM($B$32:$K$32), 0) -> 0
A11: 2979 | L11: =IF(SUM($B$31:$K$31)>0, 1.5*SUM(B11:K11)/SUM($B$32:$K$32), 0) -> 0
A12: 3183 | L12: =IF(SUM($B$31:$K$31)>0, 1.5*SUM(B12:K12)/SUM($B$32:$K$32), 0) -> 0
A13: 3190 | L13: =IF(SUM($B$31:$K$31)>0, 1.5*SUM(B13:K13)/SUM($B$32:$K$32), 0) -> 0
... A25: 4449 | L25: =IF(SUM($B$31:$K$31)>0, 1.5*SUM(B25:K25)/SUM($B$32:$K$32), 0) -> 0
A27: Max Score | B27: 15 | C27: 15 | D27: 15 | E27: 15 | F27: 15 | G27: 15 | H27: 15 | I27: 15 | J27: 15 | K27: 15 | L27: 1.5
A28: Average | B28: =AVERAGE(B$2:B$25) -> #DIV/0! | C28: =AVERAGE(C$2:C$25) -> #DIV/0! | D28: =AVERAGE(D$2:D$25) -> #DIV/0! | E28: =AVERAGE(E$2:E$25) -> #DIV/0! | F28: =AVERAGE(F$2:F$25) -> #DIV/0! | G28: =AVERAGE(G$2:G$25) -> #DIV/0! | H28: =AVERAGE(H$2:H$25) -> #DIV/0! | I28: =AVERAGE(I$2:I$25) -> #DIV/0! | ... K28: =AVERAGE(K$2:K$25) -> #DIV/0! | L28: =AVERAGE(H$2:H$25) -> #DIV/0!
A29: Stnd | B29: =STDEV(B$2:B$25) -> #DIV/0! | C29: =STDEV(C$2:C$25) -> #DIV/0! | D29: =STDEV(D$2:D$25) -> #DIV/0! | E29: =STDEV(E$2:E$25) -> #DIV/0! | F29: =STDEV(F$2:F$25) -> #DIV/0! | G29: =STDEV(G$2:G$25) -> #DIV/0! | H29: =STDEV(H$2:H$25) -> #DIV/0! | I29: =STDEV(I$2:I$25) -> #DIV/0! | ... K29: =STDEV(K$2:K$25) -> #DIV/0! | L29: =STDEV(H$2:H$25) -> #DIV/0!
A30: Median | B30: =MEDIAN(B$2:B$25) -> #NUM! | C30: =MEDIAN(C$2:C$25) -> #NUM! | D30: =MEDIAN(D$2:D$25) -> #NUM! | E30: =MEDIAN(E$2:E$25) -> #NUM! | F30: =MEDIAN(F$2:F$25) -> #NUM! | G30: =MEDIAN(G$2:G$25) -> #NUM! | H30: =MEDIAN(H$2:H$25) -> #NUM! | I30: =MEDIAN(I$2:I$25) -> #NUM! | ... K30: =MEDIAN(K$2:K$25) -> #NUM! | L30: =MEDIAN(H$2:H$25) -> #NUM!
A31: Valid | B31: =IF(SUM(B2:B25)>0,1,0) -> 0 | C31: =IF(SUM(C2:C25)>0,1,0) -> 0 | D31: =IF(SUM(D2:D25)>0,1,0) -> 0 | E31: =IF(SUM(E2:E25)>0,1,0) -> 0 | F31: =IF(SUM(F2:F25)>0,1,0) -> 0 | G31: =IF(SUM(G2:G25)>0,1,0) -> 0 | H31: =IF(SUM(H2:H25)>0,1,0) -> 0 | I31: =IF(SUM(I2:I25)>0,1,0) -> 0 | ... K31: =IF(SUM(K2:K25)>0,1,0) -> 0
A32: Max Score*Valid | B32: =B27*B31 -> 0 | C32: =C27*C31 -> 0 | D32: =D27*D31 -> 0 | E32: =E27*E31 -> 0 | F32: =F27*F31 -> 0 | G32: =G27*G31 -> 0 | H32: =H27*H31 -> 0 | I32: =I27*I31 -> 0 | J32: =J27*J31 -> 0

Sheet Reports
A1: Αρ. Ταυτότητας | B1: Lab01 | C1: Lab02 | D1: Lab03 | E1: Lab04 | F1: Lab05 | G1: Lab06 | H1: Lab07 | I1: Lab08 | J1: Lab09 | K1: Lab10 | L1: SUM
A2: 434 | L2: =IF(SUM($B$31:$K$31)>0, 1.5*SUM(B2:K2)/SUM($B$32:$K$32), 0) -> 0
A3: 1199 | L3: =IF(SUM($B$31:$K$31)>0, 1.5*SUM(B3:K3)/SUM($B$32:$K$32), 0) -> 0
A4: 1653 | L4: =IF(SUM($B$31:$K$31)>0, 1.5*SUM(B4:K4)/SUM($B$32:$K$32), 0) -> 0
A5: 1786 | L5: =IF(SUM($B$31:$K$31)>0, 1.5*SUM(B5:K5)/SUM($B$32:$K$32), 0) -> 0
A6: 2283 | L6: =IF(SUM($B$31:$K$31)>0, 1.5*SUM(B6:K6)/SUM($B$32:$K$32), 0) -> 0
A7: 2293 | L7: =IF(SUM($B$31:$K$31)>0, 1.5*SUM(B7:K7)/SUM($B$32:$K$32), 0) -> 0
A8: 2376 | L8: =IF(SUM($B$31:$K$31)>0, 1.5*SUM(B8:K8)/SUM($B$32:$K$32), 0) -> 0
A9: 2438 | L9: =IF(SUM($B$31:$K$31)>0, 1.5*SUM(B9:K9)/SUM($B$32:$K$32), 0) -> 0
A10: 2476 | L10: =IF(SUM($B$31:$K$31)>0, 1.5*SUM(B10:K10)/SUM($B$32:$K$32), 0) -> 0
A11: 2979 | L11: =IF(SUM($B$31:$K$31)>0, 1.5*SUM(B11:K11)/SUM($B$32:$K$32), 0) -> 0
A12: 3183 | L12: =IF(SUM($B$31:$K$31)>0, 1.5*SUM(B12:K12)/SUM($B$32:$K$32), 0) -> 0
A13: 3190 | L13: =IF(SUM($B$31:$K$31)>0, 1.5*SUM(B13:K13)/SUM($B$32:$K$32), 0) -> 0
... A25: 4449 | L25: =IF(SUM($B$31:$K$31)>0, 1.5*SUM(B25:K25)/SUM($B$32:$K$32), 0) -> 0
A27: Max Score | B27: 10 | C27: 10 | D27: 10 | E27: 10 | F27: 10 | G27: 10 | H27: 10 | I27: 10 | J27: 10 | K27: 10 | L27: 1
A28: Average | B28: =AVERAGE(B$2:B$25) -> #DIV/0! | C28: =AVERAGE(C$2:C$25) -> #DIV/0! | D28: =AVERAGE(D$2:D$25) -> #DIV/0! | E28: =AVERAGE(E$2:E$25) -> #DIV/0! | F28: =AVERAGE(F$2:F$25) -> #DIV/0! | G28: =AVERAGE(G$2:G$25) -> #DIV/0! | H28: =AVERAGE(H$2:H$25) -> #DIV/0! | I28: =AVERAGE(I$2:I$25) -> #DIV/0! | ... K28: =AVERAGE(K$2:K$25) -> #DIV/0! | L28: =AVERAGE(H$2:H$25) -> #DIV/0!
A29: Stnd | B29: =STDEV(B$2:B$25) -> #DIV/0! | C29: =STDEV(C$2:C$25) -> #DIV/0! | D29: =STDEV(D$2:D$25) -> #DIV/0! | E29: =STDEV(E$2:E$25) -> #DIV/0! | F29: =STDEV(F$2:F$25) -> #DIV/0! | G29: =STDEV(G$2:G$25) -> #DIV/0! | H29: =STDEV(H$2:H$25) -> #DIV/0! | I29: =STDEV(I$2:I$25) -> #DIV/0! | ... K29: =STDEV(K$2:K$25) -> #DIV/0! | L29: =STDEV(H$2:H$25) -> #DIV/0!
A30: Median | B30: =MEDIAN(B$2:B$25) -> #NUM! | C30: =MEDIAN(C$2:C$25) -> #NUM! | D30: =MEDIAN(D$2:D$25) -> #NUM! | E30: =MEDIAN(E$2:E$25) -> #NUM! | F30: =MEDIAN(F$2:F$25) -> #NUM! | G30: =MEDIAN(G$2:G$25) -> #NUM! | H30: =MEDIAN(H$2:H$25) -> #NUM! | I30: =MEDIAN(I$2:I$25) -> #NUM! | ... K30: =MEDIAN(K$2:K$25) -> #NUM! | L30: =MEDIAN(H$2:H$25) -> #NUM!
A31: Valid | B31: =IF(SUM(B2:B25)>0,1,0) -> 0 | C31: =IF(SUM(C2:C25)>0,1,0) -> 0 | D31: =IF(SUM(D2:D25)>0,1,0) -> 0 | E31: =IF(SUM(E2:E25)>0,1,0) -> 0 | F31: =IF(SUM(F2:F25)>0,1,0) -> 0 | G31: =IF(SUM(G2:G25)>0,1,0) -> 0 | H31: =IF(SUM(H2:H25)>0,1,0) -> 0 | I31: =IF(SUM(I2:I25)>0,1,0) -> 0 | ... K31: =IF(SUM(K2:K25)>0,1,0) -> 0
A32: Max Score*Valid | B32: =B27*B31 -> 0 | C32: =C27*C31 -> 0 | D32: =D27*D31 -> 0 | E32: =E27*E31 -> 0 | F32: =F27*F31 -> 0 | G32: =G27*G31 -> 0 | H32: =H27*H31 -> 0 | I32: =I27*I31 -> 0 | J32: =J27*J31 -> 0

Sheet Final
A1: Aρ. Ταυτότητας | B1: Exam
A2: 434
A3: 1199
A4: 1653
A5: 1786
A6: 2283
A7: 2293
A8: 2376
A9: 2438
A10: 2476
A11: 2979
A12: 3183
A13: 3190
... A25: 4449
A27: Max Score | B27: 200
A28: Average | B28: =AVERAGE(B$2:B$25) -> #DIV/0!
A29: Stnd | B29: =STDEV(B$2:B$25) -> #DIV/0!
A30: Median | B30: =MEDIAN(B$2:B$25) -> #NUM!
A31: Valid | B31: =IF(SUM(B2:B25)>0,1,0) -> 0

Sheet Grades
A1: Αρ. Ταυτότητας | B1: Labs Total | E1: Exam | F1: Γενικός Βαθμός | G1: Τελικός Βαθμός
B2: Quizzes | C2: Παρουσιάσεις | D2: Αναφορές
A3: 434 | B3: =Quizzes!K2 -> 0 | C3: =Presentations!L2 -> 0 | D3: =Reports!L2 -> 0 | E3: =(Final!B2/Final!$B$27)*$G$28 -> 0 | F3: =SUM(B3:E3) -> 0 | G3: =0.5*INT(F3/0.5)+INT( ((F3-INT(F3/0.5)*0.5)/0.25))*0.5 -> 0
A4: 1199 | B4: =Quizzes!K3 -> 1.2 | C4: =Presentations!L3 -> 0 | D4: =Reports!L3 -> 0 | E4: =(Final!B3/Final!$B$27)*$G$28 -> 0 | F4: =SUM(B4:E4) -> 1.2 | G4: =0.5*INT(F4/0.5)+INT( ((F4-INT(F4/0.5)*0.5)/0.25))*0.5 -> 1
A5: 1653 | B5: =Quizzes!K4 -> 1.5 | C5: =Presentations!L4 -> 0 | D5: =Reports!L4 -> 0 | E5: =(Final!B4/Final!$B$27)*$G$28 -> 0 | F5: =SUM(B5:E5) -> 1.5 | G5: =0.5*INT(F5/0.5)+INT( ((F5-INT(F5/0.5)*0.5)/0.25))*0.5 -> 1.5
A6: 1786 | B6: =Quizzes!K5 -> 1.1 | C6: =Presentations!L5 -> 0 | D6: =Reports!L5 -> 0 | E6: =(Final!B5/Final!$B$27)*$G$28 -> 0 | F6: =SUM(B6:E6) -> 1.1 | G6: =0.5*INT(F6/0.5)+INT( ((F6-INT(F6/0.5)*0.5)/0.25))*0.5 -> 1
A7: 2283 | B7: =Quizzes!K6 -> 1.3 | C7: =Presentations!L6 -> 0 | D7: =Reports!L6 -> 0 | E7: =(Final!B6/Final!$B$27)*$G$28 -> 0 | F7: =SUM(B7:E7) -> 1.3 | G7: =0.5*INT(F7/0.5)+INT( ((F7-INT(F7/0.5)*0.5)/0.25))*0.5 -> 1.5
A8: 2293 | B8: =Quizzes!K7 -> 1.2 | C8: =Presentations!L7 -> 0 | D8: =Reports!L7 -> 0 | E8: =(Final!B7/Final!$B$27)*$G$28 -> 0 | F8: =SUM(B8:E8) -> 1.2 | G8: =0.5*INT(F8/0.5)+INT( ((F8-INT(F8/0.5)*0.5)/0.25))*0.5 -> 1
A9: 2376 | B9: =Quizzes!K8 -> 0.8 | C9: =Presentations!L8 -> 0 | D9: =Reports!L8 -> 0 | E9: =(Final!B8/Final!$B$27)*$G$28 -> 0 | F9: =SUM(B9:E9) -> 0.8 | G9: =0.5*INT(F9/0.5)+INT( ((F9-INT(F9/0.5)*0.5)/0.25))*0.5 -> 1
A10: 2438 | B10: =Quizzes!K9 -> 0.8 | C10: =Presentations!L9 -> 0 | D10: =Reports!L9 -> 0 | E10: =(Final!B9/Final!$B$27)*$G$28 -> 0 | F10: =SUM(B10:E10) -> 0.8 | G10: =0.5*INT(F10/0.5)+INT( ((F10-INT(F10/0.5)*0.5)/0.25))*0.5 -> 1
A11: 2476 | B11: =Quizzes!K10 -> 1.5 | C11: =Presentations!L10 -> 0 | D11: =Reports!L10 -> 0 | E11: =(Final!B10/Final!$B$27)*$G$28 -> 0 | F11: =SUM(B11:E11) -> 1.5 | G11: =0.5*INT(F11/0.5)+INT( ((F11-INT(F11/0.5)*0.5)/0.25))*0.5 -> 1.5
A12: 2979 | B12: =Quizzes!K11 -> 1.4 | C12: =Presentations!L11 -> 0 | D12: =Reports!L11 -> 0 | E12: =(Final!B11/Final!$B$27)*$G$28 -> 0 | F12: =SUM(B12:E12) -> 1.4 | G12: =0.5*INT(F12/0.5)+INT( ((F12-INT(F12/0.5)*0.5)/0.25))*0.5 -> 1.5
A13: 3183 | B13: =Quizzes!K12 -> 0.4 | C13: =Presentations!L12 -> 0 | D13: =Reports!L12 -> 0 | E13: =(Final!B12/Final!$B$27)*$G$28 -> 0 | F13: =SUM(B13:E13) -> 0.4 | G13: =0.5*INT(F13/0.5)+INT( ((F13-INT(F13/0.5)*0.5)/0.25))*0.5 -> 0.5
A14: 3190 | B14: =Quizzes!K13 -> 0.3 | C14: =Presentations!L13 -> 0 | D14: =Reports!L13 -> 0 | E14: =(Final!B13/Final!$B$27)*$G$28 -> 0 | F14: =SUM(B14:E14) -> 0.3 | G14: =0.5*INT(F14/0.5)+INT( ((F14-INT(F14/0.5)*0.5)/0.25))*0.5 -> 0.5
... A26: 4449 | B26: =Quizzes!K25 -> 1.5 | C26: =Presentations!L25 -> 0 | D26: =Reports!L25 -> 0 | E26: =(Final!B25/Final!$B$27)*$G$28 -> 0 | F26: =SUM(B26:E26) -> 1.5 | G26: =0.5*INT(F26/0.5)+INT( ((F26-INT(F26/0.5)*0.5)/0.25))*0.5 -> 1.5
A28: Max Score | B28: =Quizzes!K27 -> 1.5 | C28: =Presentations!L27 -> 1.5 | D28: =Reports!L27 -> 1 | E28: =10-SUM($B$28:$D$28) -> 6 | F28: 10 | G28: 10
A29: Average | B29: =AVERAGE(B$3:B$26) -> 0.88125 | C29: =AVERAGE(C$3:C$26) -> 0 | D29: =AVERAGE(D$3:D$26) -> 0 | E29: =AVERAGE(E$3:E$26) -> 0 | F29: =AVERAGE(F$3:F$26) -> 0.88125 | G29: =AVERAGE(G$3:G$26) -> 0.89583333
A30: Stnd | B30: =STDEV(B$3:B$26) -> 0.52145543 | C30: =STDEV(C$3:C$26) -> 0 | D30: =STDEV(D$3:D$26) -> 0 | E30: =STDEV(E$3:E$26) -> 0 | F30: =STDEV(F$3:F$26) -> 0.52145543 | G30: =STDEV(G$3:G$26) -> 0.53118339
A31: Median | B31: =MEDIAN(B$3:B$26) -> 1.025 | C31: =MEDIAN(C$3:C$26) -> 0 | D31: =MEDIAN(D$3:D$26) -> 0 | E31: =MEDIAN(E$3:E$26) -> 0 | F31: =MEDIAN(F$3:F$26) -> 1.025 | G31: =MEDIAN(G$3:G$26) -> 1
