Workbook

Sheet Grades
A1: Ταυτότητα | B1: Lab Total | E1: Τελική | G1: Γενικός βαθμός | H1: Τελικός βαθμός
B2: Quiz | C2: Talk | D2: Report | E2: Lab | F2: Exam
A3: 0063 | B3: =Labs!AF3 -> 0.54 | C3: =Labs!AG3 -> 1.035 | D3: =Labs!AH3 -> 0.9765 | G3: =B3+(C3+D3)+(E3/E$28+F3/F$28)*2.75 -> 2.5515 | H3: =0.5*INT(G3/0.5)+INT( ((G3-INT(G3/0.5)*0.5)/0.25))*0.5 -> 2.5
A4: 0510 | B4: =Labs!AF4 -> 0.9525 | C4: =Labs!AG4 -> 1.335 | D4: =Labs!AH4 -> 1.356 | G4: =B4+(C4+D4)+(E4/E$28+F4/F$28)*2.75 -> 3.6435 | H4: =0.5*INT(G4/0.5)+INT( ((G4-INT(G4/0.5)*0.5)/0.25))*0.5 -> 3.5
A5: 0851 | B5: =Labs!AF5 -> 1.05 | C5: =Labs!AG5 -> 1.2675 | D5: =Labs!AH5 -> 1.233 | G5: =B5+(C5+D5)+(E5/E$28+F5/F$28)*2.75 -> 3.5505 | H5: =0.5*INT(G5/0.5)+INT( ((G5-INT(G5/0.5)*0.5)/0.25))*0.5 -> 3.5
A6: 0923 | B6: =Labs!AF6 -> 1.095 | C6: =Labs!AG6 -> 1.1475 | D6: =Labs!AH6 -> 1.1415 | G6: =B6+(C6+D6)+(E6/E$28+F6/F$28)*2.75 -> 3.384 | H6: =0.5*INT(G6/0.5)+INT( ((G6-INT(G6/0.5)*0.5)/0.25))*0.5 -> 3.5
A7: 1019 | B7: =Labs!AF7 -> 1.185 | C7: =Labs!AG7 -> 1.3125 | D7: =Labs!AH7 -> 1.2105 | G7: =B7+(C7+D7)+(E7/E$28+F7/F$28)*2.75 -> 3.708 | H7: =0.5*INT(G7/0.5)+INT( ((G7-INT(G7/0.5)*0.5)/0.25))*0.5 -> 3.5
A8: 1536 | B8: =Labs!AF8 -> 1.17 | C8: =Labs!AG8 -> 1.2675 | D8: =Labs!AH8 -> 1.233 | G8: =B8+(C8+D8)+(E8/E$28+F8/F$28)*2.75 -> 3.6705 | H8: =0.5*INT(G8/0.5)+INT( ((G8-INT(G8/0.5)*0.5)/0.25))*0.5 -> 3.5
A9: 1765 | B9: =Labs!AF9 -> 0.315 | C9: =Labs!AG9 -> 0.3375 | D9: =Labs!AH9 -> 0.33 | G9: =B9+(C9+D9)+(E9/E$28+F9/F$28)*2.75 -> 0.9825 | H9: =0.5*INT(G9/0.5)+INT( ((G9-INT(G9/0.5)*0.5)/0.25))*0.5 -> 1
A10: 1983 | B10: =Labs!AF10 -> 1.1775 | C10: =Labs!AG10 -> 1.335 | D10: =Labs!AH10 -> 1.356 | G10: =B10+(C10+D10)+(E10/E$28+F10/F$28)*2.75 -> 3.8685 | H10: =0.5*INT(G10/0.5)+INT( ((G10-INT(G10/0.5)*0.5)/0.25))*0.5 -> 4
A11: 2315 | B11: =Labs!AF11 -> 0.57 | C11: =Labs!AG11 -> 0.825 | D11: =Labs!AH11 -> 0.534 | G11: =B11+(C11+D11)+(E11/E$28+F11/F$28)*2.75 -> 1.929 | H11: =0.5*INT(G11/0.5)+INT( ((G11-INT(G11/0.5)*0.5)/0.25))*0.5 -> 2
A12: 2815 | B12: =Labs!AF12 -> 0.3225 | C12: =Labs!AG12 -> 0.8175 | D12: =Labs!AH12 -> 0.7275 | G12: =B12+(C12+D12)+(E12/E$28+F12/F$28)*2.75 -> 1.8675 | H12: =0.5*INT(G12/0.5)+INT( ((G12-INT(G12/0.5)*0.5)/0.25))*0.5 -> 2
A13: 2830 | B13: =Labs!AF13 -> 0.6525 | C13: =Labs!AG13 -> 1.1475 | D13: =Labs!AH13 -> 1.1385 | G13: =B13+(C13+D13)+(E13/E$28+F13/F$28)*2.75 -> 2.9385 | H13: =0.5*INT(G13/0.5)+INT( ((G13-INT(G13/0.5)*0.5)/0.25))*0.5 -> 3
A14: 2902 | B14: =Labs!AF14 -> 0.8775 | C14: =Labs!AG14 -> 0.9825 | D14: =Labs!AH14 -> 1.05 | G14: =B14+(C14+D14)+(E14/E$28+F14/F$28)*2.75 -> 2.91 | H14: =0.5*INT(G14/0.5)+INT( ((G14-INT(G14/0.5)*0.5)/0.25))*0.5 -> 3
A15: 3349 | B15: =Labs!AF15 -> 0.75 | C15: =Labs!AG15 -> 1.0725 | D15: =Labs!AH15 -> 1.089 | G15: =B15+(C15+D15)+(E15/E$28+F15/F$28)*2.75 -> 2.9115 | H15: =0.5*INT(G15/0.5)+INT( ((G15-INT(G15/0.5)*0.5)/0.25))*0.5 -> 3
A16: 3437 | B16: =Labs!AF16 -> 0.9 | C16: =Labs!AG16 -> 1.2675 | D16: =Labs!AH16 -> 1.1955 | G16: =B16+(C16+D16)+(E16/E$28+F16/F$28)*2.75 -> 3.363 | H16: =0.5*INT(G16/0.5)+INT( ((G16-INT(G16/0.5)*0.5)/0.25))*0.5 -> 3.5
A17: 4026 | B17: =Labs!AF17 -> 0.8475 | C17: =Labs!AG17 -> 1.3125 | D17: =Labs!AH17 -> 1.32 | G17: =B17+(C17+D17)+(E17/E$28+F17/F$28)*2.75 -> 3.48 | H17: =0.5*INT(G17/0.5)+INT( ((G17-INT(G17/0.5)*0.5)/0.25))*0.5 -> 3.5
A18: 4164 | B18: =Labs!AF18 -> 0.5775 | C18: =Labs!AG18 -> 0.7275 | D18: =Labs!AH18 -> 0.7305 | G18: =B18+(C18+D18)+(E18/E$28+F18/F$28)*2.75 -> 2.0355 | H18: =0.5*INT(G18/0.5)+INT( ((G18-INT(G18/0.5)*0.5)/0.25))*0.5 -> 2
... A26: 8335 | B26: =Labs!AF26 -> 0.5175 | C26: =Labs!AG26 -> 1.1175 | D26: =Labs!AH26 -> 0.9765 | G26: =B26+(C26+D26)+(E26/E$28+F26/F$28)*2.75 -> 2.6115 | H26: =0.5*INT(G26/0.5)+INT( ((G26-INT(G26/0.5)*0.5)/0.25))*0.5 -> 2.5
A28: Max Score | B28: =1.5*Labs!AF28/Labs!AF28 -> 1.5 | C28: =1.5*Labs!AG28/Labs!AG28 -> 1.5 | D28: =1.5*Labs!AH28/Labs!AH28 -> 1.5 | E28: 100 | F28: 100 | G28: 10 | H28: 10
A29: Average | B29: =AVERAGE(B$3:B$26) -> 0.8240625 | C29: =AVERAGE(C$3:C$26) -> 1.086875 | D29: =AVERAGE(D$3:D$26) -> 1.0528125 | E29: =AVERAGE(E$3:E$26) -> #DIV/0! | F29: =AVERAGE(F$3:F$26) -> #DIV/0! | G29: =AVERAGE(G$3:G$26) -> 2.96375 | H29: =AVERAGE(H$3:H$26) -> 2.9583333
A30: Stnd | B30: =STDEV(B$3:B$26) -> 0.28615879 | C30: =STDEV(C$3:C$26) -> 0.25014805 | D30: =STDEV(D$3:D$26) -> 0.2533822 | E30: =STDEV(E$3:E$26) -> #DIV/0! | F30: =STDEV(F$3:F$26) -> #DIV/0! | G30: =STDEV(G$3:G$26) -> 0.73539954 | H30: =STDEV(H$3:H$26) -> 0.73598007
A31: Median | B31: =MEDIAN(B$3:B$26) -> 0.82125 | C31: =MEDIAN(C$3:C$26) -> 1.1325 | D31: =MEDIAN(D$3:D$26) -> 1.11375 | E31: =MEDIAN(E$3:E$26) -> #NUM! | F31: =MEDIAN(F$3:F$26) -> #NUM! | G31: =MEDIAN(G$3:G$26) -> 3.08625 | H31: =MEDIAN(H$3:H$26) -> 3

Sheet Labs
A1: Ταυτότητα | B1: Lab 1 | E1: Lab 2 | H1: Lab 3 | K1: Lab 4 | N1: Lab 5 | Q1: Lab 6 | T1: Lab 7 | W1: Lab 8 | Z1: Lab 9 | AC1: Lab 10 | AF1: Lab Total
B2: Quiz | C2: Talk | D2: Report | E2: Quiz | F2: Talk | G2: Report | H2: Quiz | I2: Talk | J2: Report | K2: Quiz | L2: Talk | M2: Report | N2: Quiz | O2: Talk | P2: Report | Q2: Quiz | R2: Talk | S2: Report | T2: Quiz | U2: Talk | V2: Report | W2: Quiz | X2: Talk | Y2: Report | Z2: Quiz | AA2: Talk | AB2: Report | AC2: Quiz | AD2: Talk | AE2: Report | AF2: Quiz | AG2: Talk | AH2: Report
A3: 0063 | B3: 4.5 | C3: 6.5 | D3: 7.4 | E3: 2.5 | F3: 5 | G3: 4 | H3: 5 | I3: 5 | J3: 7.3 | K3: 3 | L3: 8 | M3: 7.3 | N3: 5 | O3: 8 | P3: 7 | Q3: 8 | R3: 8 | S3: 6.5 | T3: 2 | U3: 8 | V3: 5.7 | W3: 1 | X3: 6.5 | Y3: 6 | Z3: 2 | AA3: 6.5 | AB3: 6.7 | AC3: 3 | AD3: 7.5 | AE3: 7.2 | AF3: =1.5*(B3+E3+H3+K3+N3+Q3+T3+W3+Z3+AC3)/AF$28 -> 0.54 | AG3: =1.5*(C3+F3+I3+L3+O3+R3+U3+X3+AA3+AD3)/AG$28 -> 1.035 | AH3: =1.5*(D3+G3+J3+M3+P3+S3+V3+Y3+AB3+AE3)/AH$28 -> 0.9765
A4: 0510 | B4: 3 | C4: 8 | D4: 9 | E4: 3.5 | F4: 9 | G4: 9.4 | H4: 8 | I4: 9 | J4: 8.1 | K4: 5 | L4: 9 | M4: 9.3 | N4: 6 | O4: 9 | P4: 9.6 | Q4: 10 | R4: 9 | S4: 9.5 | T4: 6 | U4: 8 | V4: 9.6 | W4: 7 | X4: 9.5 | Y4: 8 | Z4: 8 | AA4: 9 | AB4: 8.5 | AC4: 7 | AD4: 9.5 | AE4: 9.4 | AF4: =1.5*(B4+E4+H4+K4+N4+Q4+T4+W4+Z4+AC4)/AF$28 -> 0.9525 | AG4: =1.5*(C4+F4+I4+L4+O4+R4+U4+X4+AA4+AD4)/AG$28 -> 1.335 | AH4: =1.5*(D4+G4+J4+M4+P4+S4+V4+Y4+AB4+AE4)/AH$28 -> 1.356
A5: 0851 | B5: 6.5 | C5: 8 | D5: 8.4 | E5: 6.5 | F5: 7 | G5: 7.7 | H5: 10 | I5: 8.5 | J5: 9.3 | K5: 8 | L5: 7.5 | M5: 9 | N5: 9 | O5: 9 | P5: 8.2 | Q5: 10 | R5: 9.5 | S5: 8.4 | T5: 6 | U5: 8.5 | V5: 8.8 | W5: 5 | X5: 8 | Y5: 4.8 | Z5: 1 | AA5: 9.5 | AB5: 9.4 | AC5: 8 | AD5: 9 | AE5: 8.2 | AF5: =1.5*(B5+E5+H5+K5+N5+Q5+T5+W5+Z5+AC5)/AF$28 -> 1.05 | AG5: =1.5*(C5+F5+I5+L5+O5+R5+U5+X5+AA5+AD5)/AG$28 -> 1.2675 | AH5: =1.5*(D5+G5+J5+M5+P5+S5+V5+Y5+AB5+AE5)/AH$28 -> 1.233
A6: 0923 | B6: 10 | C6: 7.5 | D6: 6.7 | E6: 2 | F6: 8 | G6: 8.3 | H6: 5 | I6: 7 | J6: 7 | K6: 7 | L6: 3.5 | M6: 6.4 | N6: 10 | O6: 10 | P6: 7.6 | Q6: 10 | R6: 10 | S6: 5.7 | T6: 2 | U6: 8 | V6: 9.2 | W6: 10 | X6: 8 | Y6: 9 | Z6: 8 | AA6: 6.5 | AB6: 6.9 | AC6: 9 | AD6: 8 | AE6: 9.3 | AF6: =1.5*(B6+E6+H6+K6+N6+Q6+T6+W6+Z6+AC6)/AF$28 -> 1.095 | AG6: =1.5*(C6+F6+I6+L6+O6+R6+U6+X6+AA6+AD6)/AG$28 -> 1.1475 | AH6: =1.5*(D6+G6+J6+M6+P6+S6+V6+Y6+AB6+AE6)/AH$28 -> 1.1415
A7: 1019 | B7: 7 | C7: 8 | D7: 6.7 | E7: 8 | F7: 8 | G7: 8.6 | H7: 5 | I7: 10 | J7: 8.7 | K7: 10 | L7: 9 | M7: 7.9 | N7: 7 | O7: 9 | P7: 8.8 | Q7: 10 | R7: 8 | S7: 8 | T7: 7 | U7: 8.5 | V7: 7.3 | W7: 10 | X7: 7.5 | Y7: 7.5 | Z7: 5 | AA7: 9.5 | AB7: 8.2 | AC7: 10 | AD7: 10 | AE7: 9 | AF7: =1.5*(B7+E7+H7+K7+N7+Q7+T7+W7+Z7+AC7)/AF$28 -> 1.185 | AG7: =1.5*(C7+F7+I7+L7+O7+R7+U7+X7+AA7+AD7)/AG$28 -> 1.3125 | AH7: =1.5*(D7+G7+J7+M7+P7+S7+V7+Y7+AB7+AE7)/AH$28 -> 1.2105
A8: 1536 | B8: 4 | C8: 8 | D8: 8.4 | E8: 7 | F8: 7 | G8: 7.7 | H8: 10 | I8: 8.5 | J8: 9.3 | K8: 8 | L8: 7.5 | M8: 9 | N8: 10 | O8: 9 | P8: 8.2 | Q8: 10 | R8: 9.5 | S8: 8.4 | T8: 5 | U8: 8.5 | V8: 8.8 | W8: 7 | X8: 8 | Y8: 4.8 | Z8: 8 | AA8: 9.5 | AB8: 9.4 | AC8: 9 | AD8: 9 | AE8: 8.2 | AF8: =1.5*(B8+E8+H8+K8+N8+Q8+T8+W8+Z8+AC8)/AF$28 -> 1.17 | AG8: =1.5*(C8+F8+I8+L8+O8+R8+U8+X8+AA8+AD8)/AG$28 -> 1.2675 | AH8: =1.5*(D8+G8+J8+M8+P8+S8+V8+Y8+AB8+AE8)/AH$28 -> 1.233
A9: 1765 | B9: 5.5 | C9: 7.5 | D9: 6.7 | E9: 1 | F9: 8 | G9: 8.3 | H9: 1.5 | I9: 7 | J9: 7 | K9: 4 | Q9: 2 | W9: 1 | Z9: 4 | AC9: 2 | AF9: =1.5*(B9+E9+H9+K9+N9+Q9+T9+W9+Z9+AC9)/AF$28 -> 0.315 | AG9: =1.5*(C9+F9+I9+L9+O9+R9+U9+X9+AA9+AD9)/AG$28 -> 0.3375 | AH9: =1.5*(D9+G9+J9+M9+P9+S9+V9+Y9+AB9+AE9)/AH$28 -> 0.33
A10: 1983 | B10: 7 | C10: 8 | D10: 9 | E10: 8.5 | F10: 9 | G10: 9.4 | H10: 8 | I10: 9 | J10: 8.1 | K10: 5 | L10: 9 | M10: 9.3 | N10: 8 | O10: 9 | P10: 9.6 | Q10: 10 | R10: 9 | S10: 9.5 | T10: 7 | U10: 8 | V10: 9.6 | W10: 10 | X10: 9.5 | Y10: 8 | Z10: 8 | AA10: 9 | AB10: 8.5 | AC10: 7 | AD10: 9.5 | AE10: 9.4 | AF10: =1.5*(B10+E10+H10+K10+N10+Q10+T10+W10+Z10+AC10)/AF$28 -> 1.1775 | AG10: =1.5*(C10+F10+I10+L10+O10+R10+U10+X10+AA10+AD10)/AG$28 -> 1.335 | AH10: =1.5*(D10+G10+J10+M10+P10+S10+V10+Y10+AB10+AE10)/AH$28 -> 1.356
A11: 2315 | B11: 5.5 | C11: 6 | D11: 5.6 | E11: 2.5 | F11: 7 | G11: 7.5 | H11: 2 | I11: 6.5 | J11: 8.1 | K11: 8 | N11: 3 | O11: 7 | P11: 5.5 | Q11: 2 | S11: 3.1 | T11: 2 | U11: 7 | W11: 3 | X11: 7.5 | Z11: 4 | AA11: 7 | AC11: 6 | AD11: 7 | AE11: 5.8 | AF11: =1.5*(B11+E11+H11+K11+N11+Q11+T11+W11+Z11+AC11)/AF$28 -> 0.57 | AG11: =1.5*(C11+F11+I11+L11+O11+R11+U11+X11+AA11+AD11)/AG$28 -> 0.825 | AH11: =1.5*(D11+G11+J11+M11+P11+S11+V11+Y11+AB11+AE11)/AH$28 -> 0.534
A12: 2815 | B12: 6 | C12: 8 | D12: 7.3 | E12: 3.5 | F12: 8 | G12: 7.4 | H12: 1 | I12: 8.5 | J12: 7.3 | K12: 1 | M12: 5 | O12: 6 | Q12: 2 | R12: 7 | S12: 7 | T12: 2 | X12: 8.5 | Y12: 8.5 | Z12: 1 | AA12: 8.5 | AB12: 6 | AC12: 5 | AF12: =1.5*(B12+E12+H12+K12+N12+Q12+T12+W12+Z12+AC12)/AF$28 -> 0.3225 | AG12: =1.5*(C12+F12+I12+L12+O12+R12+U12+X12+AA12+AD12)/AG$28 -> 0.8175 | AH12: =1.5*(D12+G12+J12+M12+P12+S12+V12+Y12+AB12+AE12)/AH$28 -> 0.7275
A13: 2830 | B13: 5.5 | C13: 7.5 | D13: 6.5 | E13: 2 | F13: 8 | G13: 8.3 | H13: 1 | I13: 7 | J13: 7 | K13: 4 | L13: 3.5 | M13: 6.4 | N13: 10 | O13: 10 | P13: 7.6 | Q13: 5 | R13: 10 | S13: 5.7 | T13: 3 | U13: 8 | V13: 9.2 | W13: 3 | X13: 8 | Y13: 9 | Z13: 3 | AA13: 6.5 | AB13: 6.9 | AC13: 7 | AD13: 8 | AE13: 9.3 | AF13: =1.5*(B13+E13+H13+K13+N13+Q13+T13+W13+Z13+AC13)/AF$28 -> 0.6525 | AG13: =1.5*(C13+F13+I13+L13+O13+R13+U13+X13+AA13+AD13)/AG$28 -> 1.1475 | AH13: =1.5*(D13+G13+J13+M13+P13+S13+V13+Y13+AB13+AE13)/AH$28 -> 1.1385
A14: 2902 | B14: 6.5 | C14: 7 | D14: 6.9 | E14: 3 | F14: 6.5 | G14: 7.6 | H14: 8 | I14: 5 | J14: 7.7 | K14: 8 | L14: 6 | M14: 5.5 | N14: 7 | O14: 6 | P14: 7.4 | Q14: 4 | R14: 6 | S14: 5.3 | T14: 2 | U14: 6.5 | V14: 6.7 | W14: 10 | X14: 7 | Y14: 6.7 | Z14: 3 | AA14: 7.5 | AB14: 7.2 | AC14: 7 | AD14: 8 | AE14: 9 | AF14: =1.5*(B14+E14+H14+K14+N14+Q14+T14+W14+Z14+AC14)/AF$28 -> 0.8775 | AG14: =1.5*(C14+F14+I14+L14+O14+R14+U14+X14+AA14+AD14)/AG$28 -> 0.9825 | AH14: =1.5*(D14+G14+J14+M14+P14+S14+V14+Y14+AB14+AE14)/AH$28 -> 1.05
A15: 3349 | B15: 5 | C15: 6 | D15: 5.6 | E15: 4 | F15: 7 | G15: 7.5 | H15: 3 | I15: 6.5 | J15: 8.1 | K15: 6 | L15: 8 | M15: 7.5 | N15: 6 | O15: 7 | P15: 7.5 | Q15: 10 | R15: 7.5 | S15: 6.7 | T15: 3 | U15: 7 | V15: 7.2 | W15: 7 | X15: 7.5 | Y15: 6.2 | Z15: 4 | AA15: 8 | AB15: 8.1 | AC15: 2 | AD15: 7 | AE15: 8.2 | AF15: =1.5*(B15+E15+H15+K15+N15+Q15+T15+W15+Z15+AC15)/AF$28 -> 0.75 | AG15: =1.5*(C15+F15+I15+L15+O15+R15+U15+X15+AA15+AD15)/AG$28 -> 1.0725 | AH15: =1.5*(D15+G15+J15+M15+P15+S15+V15+Y15+AB15+AE15)/AH$28 -> 1.089
A16: 3437 | B16: 6 | C16: 8 | D16: 8.3 | E16: 6 | F16: 7 | G16: 8.5 | H16: 10 | I16: 9 | J16: 8.5 | K16: 8 | L16: 9 | M16: 8.8 | N16: 6 | O16: 9 | P16: 8 | Q16: 10 | R16: 7 | S16: 5 | T16: 1 | U16: 8.5 | V16: 8.5 | W16: 3 | X16: 8 | Y16: 7.6 | Z16: 6 | AA16: 9 | AB16: 7.5 | AC16: 4 | AD16: 10 | AE16: 9 | AF16: =1.5*(B16+E16+H16+K16+N16+Q16+T16+W16+Z16+AC16)/AF$28 -> 0.9 | AG16: =1.5*(C16+F16+I16+L16+O16+R16+U16+X16+AA16+AD16)/AG$28 -> 1.2675 | AH16: =1.5*(D16+G16+J16+M16+P16+S16+V16+Y16+AB16+AE16)/AH$28 -> 1.1955
A17: 4026 | B17: 5.5 | C17: 6.5 | D17: 7 | E17: 4 | F17: 8 | G17: 8.4 | H17: 2 | I17: 10 | J17: 8.7 | K17: 7 | L17: 9 | M17: 9.3 | N17: 7 | O17: 9 | P17: 9.6 | Q17: 7 | R17: 9 | S17: 9.5 | T17: 2 | U17: 8 | V17: 9.6 | W17: 7 | X17: 9.5 | Y17: 8 | Z17: 5 | AA17: 9 | AB17: 8.5 | AC17: 10 | AD17: 9.5 | AE17: 9.4 | AF17: =1.5*(B17+E17+H17+K17+N17+Q17+T17+W17+Z17+AC17)/AF$28 -> 0.8475 | AG17: =1.5*(C17+F17+I17+L17+O17+R17+U17+X17+AA17+AD17)/AG$28 -> 1.3125 | AH17: =1.5*(D17+G17+J17+M17+P17+S17+V17+Y17+AB17+AE17)/AH$28 -> 1.32
A18: 4164 | B18: 5.5 | C18: 6.5 | D18: 7 | E18: 4 | F18: 5 | G18: 5.9 | H18: 2 | I18: 7 | J18: 7.2 | K18: 3 | L18: 7 | M18: 7.6 | N18: 8 | O18: 9 | P18: 8.5 | Q18: 5 | R18: 7 | S18: 7 | T18: 6 | U18: 7 | V18: 5.5 | W18: 5 | AF18: =1.5*(B18+E18+H18+K18+N18+Q18+T18+W18+Z18+AC18)/AF$28 -> 0.5775 | AG18: =1.5*(C18+F18+I18+L18+O18+R18+U18+X18+AA18+AD18)/AG$28 -> 0.7275 | AH18: =1.5*(D18+G18+J18+M18+P18+S18+V18+Y18+AB18+AE18)/AH$28 -> 0.7305
A19: 4257 | B19: 10 | C19: 8 | D19: 7.3 | E19: 6.5 | F19: 8 | G19: 7.4 | H19: 7 | I19: 8.5 | J19: 7.3 | K19: 10 | L19: 4 | M19: 5 | N19: 6.5 | O19: 6 | P19: 4 | Q19: 10 | R19: 7 | S19: 7 | T19: 3 | U19: 8 | V19: 4.2 | W19: 10 | X19: 8.5 | Y19: 8.5 | Z19: 4 | AA19: 8.5 | AB19: 6 | AC19: 9 | AD19: 8 | AE19: 8.4 | AF19: =1.5*(B19+E19+H19+K19+N19+Q19+T19+W19+Z19+AC19)/AF$28 -> 1.14 | AG19: =1.5*(C19+F19+I19+L19+O19+R19+U19+X19+AA19+AD19)/AG$28 -> 1.1175 | AH19: =1.5*(D19+G19+J19+M19+P19+S19+V19+Y19+AB19+AE19)/AH$28 -> 0.9765
A20: 4616 | B20: 3.5 | C20: 7 | D20: 6.9 | E20: 2 | F20: 6.5 | G20: 7.6 | H20: 3 | I20: 5 | J20: 7.7 | K20: 5 | L20: 6 | M20: 5.5 | N20: 6 | O20: 6 | P20: 7.4 | Q20: 10 | R20: 6 | S20: 5.3 | T20: 1 | U20: 6.5 | V20: 6.7 | W20: 6 | X20: 7 | Y20: 6.7 | Z20: 5 | AA20: 7.5 | AB20: 7.2 | AC20: 5 | AD20: 8 | AE20: 9 | AF20: =1.5*(B20+E20+H20+K20+N20+Q20+T20+W20+Z20+AC20)/AF$28 -> 0.6975 | AG20: =1.5*(C20+F20+I20+L20+O20+R20+U20+X20+AA20+AD20)/AG$28 -> 0.9825 | AH20: =1.5*(D20+G20+J20+M20+P20+S20+V20+Y20+AB20+AE20)/AH$28 -> 1.05
A21: 4967 | B21: 5 | C21: 6.5 | D21: 7.4 | E21: 2 | F21: 5 | G21: 4 | H21: 5 | I21: 5 | J21: 7.3 | K21: 4 | L21: 8 | M21: 7.3 | N21: 7 | O21: 8 | P21: 7 | Q21: 10 | R21: 8 | S21: 6.5 | T21: 1 | U21: 8 | V21: 5.7 | W21: 1 | X21: 6.5 | Y21: 6 | Z21: 2 | AA21: 6.5 | AB21: 6.7 | AC21: 6 | AD21: 7.5 | AE21: 7.2 | AF21: =1.5*(B21+E21+H21+K21+N21+Q21+T21+W21+Z21+AC21)/AF$28 -> 0.645 | AG21: =1.5*(C21+F21+I21+L21+O21+R21+U21+X21+AA21+AD21)/AG$28 -> 1.035 | AH21: =1.5*(D21+G21+J21+M21+P21+S21+V21+Y21+AB21+AE21)/AH$28 -> 0.9765
A22: 5022 | B22: 5 | C22: 8 | D22: 6.7 | E22: 3 | F22: 8 | G22: 8.6 | H22: 5 | I22: 10 | J22: 8.7 | K22: 5 | L22: 9 | M22: 7.9 | N22: 3 | O22: 9 | P22: 8.8 | Q22: 5 | R22: 8 | S22: 8 | T22: 2 | U22: 8.5 | V22: 7.3 | W22: 10 | X22: 7.5 | Y22: 7.5 | Z22: 7 | AA22: 9.5 | AB22: 8.2 | AC22: 8 | AD22: 10 | AE22: 9 | AF22: =1.5*(B22+E22+H22+K22+N22+Q22+T22+W22+Z22+AC22)/AF$28 -> 0.795 | AG22: =1.5*(C22+F22+I22+L22+O22+R22+U22+X22+AA22+AD22)/AG$28 -> 1.3125 | AH22: =1.5*(D22+G22+J22+M22+P22+S22+V22+Y22+AB22+AE22)/AH$28 -> 1.2105
A23: 6642 | B23: 8 | C23: 8 | D23: 6.7 | E23: 7.5 | F23: 8 | G23: 8.6 | H23: 10 | I23: 10 | J23: 8.7 | K23: 9 | L23: 9 | M23: 7.9 | N23: 7 | O23: 9 | P23: 8.8 | Q23: 10 | R23: 8 | S23: 8 | T23: 5 | U23: 8.5 | V23: 7.3 | W23: 10 | X23: 7.5 | Y23: 7.5 | Z23: 8 | AA23: 9.5 | AB23: 8.2 | AC23: 9 | AD23: 10 | AE23: 9 | AF23: =1.5*(B23+E23+H23+K23+N23+Q23+T23+W23+Z23+AC23)/AF$28 -> 1.2525 | AG23: =1.5*(C23+F23+I23+L23+O23+R23+U23+X23+AA23+AD23)/AG$28 -> 1.3125 | AH23: =1.5*(D23+G23+J23+M23+P23+S23+V23+Y23+AB23+AE23)/AH$28 -> 1.2105
A24: 7978 | B24: 3 | C24: 7 | D24: 6.9 | E24: 2.5 | F24: 6.5 | G24: 7.6 | H24: 5 | I24: 5 | J24: 7.7 | K24: 5 | L24: 6 | M24: 5.5 | N24: 3 | O24: 6 | P24: 7.4 | Q24: 5 | R24: 6 | S24: 5.3 | T24: 2 | U24: 6.5 | V24: 6.7 | W24: 5 | X24: 7 | Y24: 6.7 | Z24: 3 | AB24: 7.2 | AC24: 5 | AE24: 9 | AF24: =1.5*(B24+E24+H24+K24+N24+Q24+T24+W24+Z24+AC24)/AF$28 -> 0.5775 | AG24: =1.5*(C24+F24+I24+L24+O24+R24+U24+X24+AA24+AD24)/AG$28 -> 0.75 | AH24: =1.5*(D24+G24+J24+M24+P24+S24+V24+Y24+AB24+AE24)/AH$28 -> 1.05
A25: 7999 | B25: 7 | C25: 8 | D25: 8.3 | E25: 7 | F25: 7 | G25: 8.5 | H25: 5 | I25: 9 | J25: 8.5 | K25: 7 | L25: 9 | M25: 8.8 | N25: 8 | O25: 9 | P25: 8 | Q25: 10 | R25: 7 | S25: 5 | T25: 7 | U25: 8.5 | V25: 8.5 | W25: 10 | X25: 8 | Y25: 7.6 | Z25: 8 | AA25: 9 | AB25: 7.5 | AC25: 9 | AD25: 10 | AE25: 9 | AF25: =1.5*(B25+E25+H25+K25+N25+Q25+T25+W25+Z25+AC25)/AF$28 -> 1.17 | AG25: =1.5*(C25+F25+I25+L25+O25+R25+U25+X25+AA25+AD25)/AG$28 -> 1.2675 | AH25: =1.5*(D25+G25+J25+M25+P25+S25+V25+Y25+AB25+AE25)/AH$28 -> 1.1955
A26: 8335 | B26: 4 | C26: 8 | D26: 7.3 | E26: 1.5 | F26: 8 | G26: 7.4 | H26: 4 | I26: 8.5 | J26: 7.3 | K26: 2 | L26: 4 | M26: 5 | N26: 5 | O26: 6 | P26: 4 | Q26: 2 | R26: 7 | S26: 7 | T26: 1 | U26: 8 | V26: 4.2 | W26: 10 | X26: 8.5 | Y26: 8.5 | Z26: 1 | AA26: 8.5 | AB26: 6 | AC26: 4 | AD26: 8 | AE26: 8.4 | AF26: =1.5*(B26+E26+H26+K26+N26+Q26+T26+W26+Z26+AC26)/AF$28 -> 0.5175 | AG26: =1.5*(C26+F26+I26+L26+O26+R26+U26+X26+AA26+AD26)/AG$28 -> 1.1175 | AH26: =1.5*(D26+G26+J26+M26+P26+S26+V26+Y26+AB26+AE26)/AH$28 -> 0.9765
A28: Max Score | B28: =IF(SUM(B3:B26)>0,10,0) -> 10 | C28: 10 | D28: =IF(SUM(D3:D26)>0,10,0) -> 10 | E28: =IF(SUM(E3:E26)>0,10,0) -> 10 | F28: =IF(SUM(F3:F26)>0,10,0) -> 10 | G28: =IF(SUM(G3:G26)>0,10,0) -> 10 | H28: =IF(SUM(H3:H26)>0,10,0) -> 10 | I28: =IF(SUM(I3:I26)>0,10,0) -> 10 | J28: =IF(SUM(J3:J26)>0,10,0) -> 10 | K28: =IF(SUM(K3:K26)>0,10,0) -> 10 | ... AE28: =IF(SUM(AE3:AE26)>0,10,0) -> 10 | AF28: =SUM(B28,E28,H28,K28,N28,Q28,T28,W28,Z28,AC28) -> 100 | AG28: =SUM(C28,F28,I28,L28,O28,R28,U28,X28,AA28,AD28) -> 100 | AH28: =SUM(D28,G28,J28,M28,P28,S28,V28,Y28,AB28,AE28) -> 100
A29: Average | B29: =AVERAGE(B$3:B$26) -> 5.7708333 | C29: =AVERAGE(C$3:C$26) -> 7.3958333 | D29: =AVERAGE(D$3:D$26) -> 7.25 | E29: =AVERAGE(E$3:E$26) -> 4.1666667 | F29: =AVERAGE(F$3:F$26) -> 7.2708333 | G29: =AVERAGE(G$3:G$26) -> 7.675 | H29: =AVERAGE(H$3:H$26) -> 5.2291667 | I29: =AVERAGE(I$3:I$26) -> 7.6875 | ... AH29: =AVERAGE(AH$3:AH$26) -> 1.0528125
A30: Stnd | B30: =STDEV(B$3:B$26) -> 1.8295828 | C30: =STDEV(C$3:C$26) -> 0.72200155 | D30: =STDEV(D$3:D$26) -> 0.90984949 | E30: =STDEV(E$3:E$26) -> 2.3109694 | F30: =STDEV(F$3:F$26) -> 1.1226828 | G30: =STDEV(G$3:G$26) -> 1.3520516 | H30: =STDEV(H$3:H$26) -> 3.021586 | I30: =STDEV(I$3:I$26) -> 1.774288 | ... AH30: =STDEV(AH$3:AH$26) -> 0.2533822
A31: Median | B31: =MEDIAN(B$3:B$26) -> 5.5 | C31: =MEDIAN(C$3:C$26) -> 7.75 | D31: =MEDIAN(D$3:D$26) -> 7 | E31: =MEDIAN(E$3:E$26) -> 3.5 | F31: =MEDIAN(F$3:F$26) -> 7.5 | G31: =MEDIAN(G$3:G$26) -> 7.7 | H31: =MEDIAN(H$3:H$26) -> 5 | I31: =MEDIAN(I$3:I$26) -> 8.5 | ... AH31: =MEDIAN(AH$3:AH$26) -> 1.11375
